A,,B,,C,
T,V,T,V,T,V
0,26.65401,0,202.8699,0,35.11034
4.81E-02,22.69339,4.81E-02,207.2263,4.81E-02,39.96322
9.61E-02,26.1955,9.61E-02,208.1202,9.61E-02,30.92414
0.1441555,24.58087,0.1441555,205.7355,0.1441555,32.50345
0.1922035,24.35162,0.1922035,203.3253,0.1922035,35.49425
0.2402496,25.69339,0.2402496,208.1103,0.2402496,34.29195
0.2882938,26.45288,0.2882938,218.9717,0.2882938,32.47356
0.3363361,24.83826,0.3363361,214.669,0.3363361,34.62069
0.3843765,26.19128,0.3843765,223.2603,0.3843765,38.40689
0.432415,22.98734,0.432415,222.1202,0.432415,42.15402
0.4804516,24.35724,0.4804516,216.2475,0.4804516,40.48046
0.5284863,31.37834,0.5284863,219.1188,0.5284863,35.87586
0.576519,35.50914,0.576519,225.331,0.576519,28.32874
0.6245499,32.38537,0.6245499,225.2362,0.6245499,39.32644
0.6725788,38.96484,0.6725788,230.6322,0.6725788,37.51954
0.7206059,41.80731,0.7206059,220.8402,0.7206059,38.76781
0.768631,36.3263,0.768631,225.1542,0.768631,32.65977
0.8166542,32.41631,0.8166542,227.2305,0.8166542,35.91264
0.8646755,26.0436,0.8646755,223.0792,0.8646755,45.36552
0.9126949,26.72152,0.9126949,220.4215,0.9126949,32.86437
0.9607124,36.55696,0.9607124,228.6322,0.9607124,38.16552
1.008728,21.88748,1.008728,228.6082,1.008728,34.05058
1.056742,20.14487,1.056742,228.8388,1.056742,39.30575
1.104753,28.73277,1.104753,235.7878,1.104753,40.76552
1.152763,29.00844,1.152763,240.8175,1.152763,39.08046
1.200771,25.46976,1.200771,234.3819,1.200771,39.13103
1.248777,30.40788,1.248777,239.3409,1.248777,42.0092
1.296782,28.35584,1.296782,244.5559,1.296782,42.56322
1.344784,28.73418,1.344784,231.0325,1.344784,42.33563
1.392784,24.74684,1.392784,237.0325,1.392784,44.08966
1.440783,25.37412,1.440783,239.0721,1.440783,39.93333
1.488779,23.98031,1.488779,245.4526,1.488779,43.96782
1.536774,29.35021,1.536774,247.5898,1.536774,44.42989
1.584766,33.18425,1.584766,252.0509,1.584766,39.78621
1.632757,27.08298,1.632757,232.3607,1.632757,39.10575
1.680746,26.54852,1.680746,239.9844,1.680746,36.54943
1.728733,24.20535,1.728733,239.2843,1.728733,32.07816
1.776718,28.62307,1.776718,243.1499,1.776718,40.62069
1.824701,32.26442,1.824701,245.785,1.824701,46.81379
1.872683,24.95921,1.872683,252.2631,1.872683,38.92184
1.920662,30.67089,1.920662,257.9745,1.920662,52.46896
1.968639,24.00141,1.968639,255.7808,1.968639,46.8092
2.016617,27.8692,2.016617,259.942,2.016617,44.65977
2.064592,27.1308,2.064592,288.0056,2.064592,55.68736
2.112566,27.55837,2.112566,302.2504,2.112566,52.07127
2.160538,34.40084,2.160538,311.5488,2.160538,48.42529
2.208508,28.45851,2.208508,348.3197,2.208508,41.40689
2.256475,33.02954,2.256475,417.3578,2.256475,46.21149
2.304441,29.4557,2.304441,532.2772,2.304441,44.81149
2.352406,30.75949,2.352406,639.0623,2.352406,52.57471
2.400368,33.76512,2.400368,746.5658,2.400368,57.85747
2.448328,36.06189,2.448328,837.273,2.448328,70.17242
2.496286,45.20394,2.496286,920.0764,2.496286,81.78851
2.544243,59.34318,2.544243,1003.614,2.544243,84.22988
2.592197,60.94093,2.592197,1098.026,2.592197,87.72874
2.640152,54.21378,2.640152,1173.946,2.640152,67.51495
2.688105,45.50774,2.688105,1221.605,2.688105,64.82529
2.736055,43.76371,2.736055,1251.331,2.736055,59.59081
2.784004,38.16596,2.784004,1322.205,2.784004,67.92184
2.831951,35.47257,2.831951,1435.488,2.831951,84.81839
2.879896,36.24051,2.879896,1582.083,2.879896,83.0046
2.927839,39.39241,2.927839,1777.516,2.927839,92.15632
2.97578,51.20394,2.97578,2028.815,2.97578,99.12414
3.02372,50.57524,3.02372,2272.187,3.02372,123.6943
3.071657,60.9353,3.071657,2561.013,3.071657,122.1402
3.119595,75.03797,3.119595,2958.564,3.119595,136.3586
3.16753,78.6104,3.16753,3640.106,3.16753,128.0552
3.215464,94.60619,3.215464,4994.342,3.215464,149.7586
3.263395,87.30661,3.263395,7797.393,3.263395,174.9172
3.311325,95.0014,3.311325,12899.58,3.311325,228.2092
3.359253,84.69761,3.359253,20877.3,3.359253,280.7816
3.407179,92.62729,3.407179,31336.78,3.407179,356.6942
3.455103,95.38116,3.455103,42091.69,3.455103,519.8759
3.503027,93.30943,3.503027,50231.14,3.503027,798.3311
3.550949,85.18706,3.550949,53412.45,3.550949,1240.812
3.598869,94.65401,3.598869,51813.7,3.598869,1854.032
3.646788,121.2096,3.646788,47424.89,3.646788,2632.379
3.694704,168.9691,3.694704,42411.63,3.694704,3480.586
3.742619,280.5513,3.742619,37712.7,3.742619,4215.352
3.790531,424.9719,3.790531,33807.89,3.790531,4742.77
3.838444,618.5021,3.838444,30691.08,3.838444,5076.352
3.886354,829.6456,3.886354,28071.98,3.886354,5258.588
3.934263,1087.52,3.934263,25833.38,3.934263,5230.957
3.98217,1362.391,3.98217,23871.41,3.98217,5039.926
4.030075,1577.127,4.030075,22163.67,4.030075,4758.273
4.077978,1707.603,4.077978,20445.64,4.077978,4460.129
4.125879,1718.176,4.125879,18795.66,4.125879,4131.536
4.17378,1649.761,4.17378,17298.35,4.17378,3799.513
4.22168,1569.415,4.22168,16185.53,4.22168,3498.515
4.269577,1504.669,4.269577,15378.36,4.269577,3247.57
4.317472,1478.001,4.317472,14680.28,4.317472,3055.177
4.365366,1485.287,4.365366,13966.92,4.365366,2879.455
4.413258,1446.018,4.413258,13226.47,4.413258,2729.825
4.461149,1345.781,4.461149,12511.71,4.461149,2641.931
4.509039,1224.518,4.509039,11882.32,4.509039,2585.894
4.556927,1095.498,4.556927,11327.67,4.556927,2550.483
4.604813,1008.435,4.604813,10857.93,4.604813,2458.812
4.652697,988.0295,4.652697,10441.03,4.652697,2346.632
4.700579,1034.423,4.700579,10072.79,4.700579,2208.439
4.748461,1074.308,4.748461,9640.265,4.748461,2073.982
4.796341,1091.44,4.796341,9174.731,4.796341,1933.915
4.844219,1062.918,4.844219,8627.266,4.844219,1821.805
4.892096,1020.685,4.892096,8111.447,4.892096,1791.425
4.93997,968.5148,4.93997,7717.651,4.93997,1801.393
4.987844,925.7468,4.987844,7486.397,4.987844,1791.285
5.035717,914.0042,5.035717,7327.506,5.035717,1810.078
5.083588,890.353,5.083588,7195.417,5.083588,1862.579
5.131456,846.0942,5.131456,7103.183,5.131456,1888.536
5.179323,808.3812,5.179323,7007.598,5.179323,1860.48
5.22719,796.6723,5.22719,6831.222,5.22719,1768.556
5.275055,806.9634,5.275055,6686.318,5.275055,1621.437
5.322918,777.3854,5.322918,6612.307,5.322918,1507.938
5.370779,732.488,5.370779,6522.163,5.370779,1424.559
5.41864,668.3404,5.41864,6280.331,5.41864,1391.961
5.466499,652.5781,5.466499,6029.324,5.466499,1376.372
5.514357,671.6568,5.514357,5795.199,5.514357,1376.809
5.562212,689.4051,5.562212,5580.817,5.562212,1355.326
5.610065,701.1829,5.610065,5424.376,5.610065,1319.639
5.657919,712.1125,5.657919,5321.024,5.657919,1257.552
5.70577,760.4304,5.70577,5307.686,5.70577,1213.34
5.75362,810.1505,5.75362,5283.837,5.75362,1187.485
5.801468,820.571,5.801468,5224.185,5.801468,1194.961
5.849316,767.5007,5.849316,5150.289,5.849316,1175.407
5.897161,697.519,5.897161,5152.699,5.897161,1149.635
5.945005,663.571,5.945005,5148.685,5.945005,1172.255
5.992847,681.1238,5.992847,5054.43,5.992847,1173.993
6.040689,739.4571,6.040689,4901.609,6.040689,1201.954
6.08853,766.5569,6.08853,4713.444,6.08853,1238.508
6.136368,739.6877,6.136368,4550.76,6.136368,1280.791
6.184204,701.5781,6.184204,4452.253,6.184204,1278.6
6.23204,684.1182,6.23204,4354.383,6.23204,1221.209
6.279875,668.5063,6.279875,4228.664,6.279875,1150.536
6.327707,662.8762,6.327707,4123.107,6.327707,1044.352
6.375538,661.5429,6.375538,4088.382,6.375538,972.9954
6.423368,711.0098,6.423368,4071.931,6.423368,932.269
6.471197,780.9479,6.471197,4050.419,6.471197,898.3104
6.519024,813.1196,6.519024,4078.02,6.519024,899.1265
6.566849,812.64,6.566849,4109.731,6.566849,915.2897
6.614674,796.3699,6.614674,4184.833,6.614674,924.3494
6.662497,789.7103,6.662497,4232.67,6.662497,940.5724
6.710318,767.8059,6.710318,4119.204,6.710318,964.4092
6.758137,714.3291,6.758137,3932.737,6.758137,952.8276
6.805956,678.7089,6.805956,3760.204,6.805956,903.754
6.853771,677.5767,6.853771,3653.86,6.853771,842.0483
6.901588,660.4431,6.901588,3549.426,6.901588,787.5862
6.949402,635.1744,6.949402,3485.68,6.949402,792.3609
6.997215,556.7412,6.997215,3427.269,6.997215,821.6207
7.045029,524.564,7.045029,3407.85,7.045029,872.8253
7.092838,502.3699,7.092838,3383.147,7.092838,927.977
7.140648,496.7904,7.140648,3319.143,7.140648,950.8597
7.188457,503.3629,7.188457,3227.417,7.188457,936.6598
7.236263,553.3952,7.236263,3131.931,7.236263,913.5402
7.284069,624.4205,7.284069,3048.714,7.284069,903.0552
7.331871,665.0422,7.331871,2981.216,7.331871,913.5517
7.379673,675.2855,7.379673,2901.614,7.379673,935.5287
7.427475,647.0731,7.427475,2866.276,7.427475,914.5977
7.475273,622.0801,7.475273,2883.376,7.475273,852.469
7.523071,577.9001,7.523071,2987.544,7.523071,788.5287
7.570869,554.4613,7.570869,3058.949,7.570869,717.4069
7.618664,541.0647,7.618664,3109.792,7.618664,688.6827
7.666458,559.4417,7.666458,3117.525,7.666458,681.1678
7.714252,608.9423,7.714252,3108.321,7.714252,679.3448
7.762043,654.4233,7.762043,3042.968,7.762043,679.5839
7.809834,639.9367,7.809834,2926.632,7.809834,686.7495
7.857624,571.0098,7.857624,2799.494,7.857624,687.8161
7.905411,481.2982,7.905411,2710.743,7.905411,672.8276
7.953197,418.2771,7.953197,2675.44,7.953197,639.9862
8.000984,400.4023,8.000984,2668.506,8.000984,593.308
8.048767,406.3446,8.048767,2683.276,8.048767,580.6689
8.09655,416.2982,8.09655,2677.921,8.09655,588.4828
8.144333,445.0295,8.144333,2631.844,8.144333,617.5356
8.192112,475.8664,8.192112,2598.346,8.192112,618.3242
8.239891,510.0788,8.239891,2537.474,8.239891,602.908
8.28767,540.2953,8.28767,2486.25,8.28767,571.7678
8.335445,561.0464,8.335445,2456.147,8.335445,553.3632
8.383221,581.609,8.383221,2407.025,8.383221,585.2598
8.430996,585.1448,8.430996,2350.997,8.430996,627.7701
8.478767,589.6076,8.478767,2279.417,8.478767,678.9356
8.526539,623.5724,8.526539,2263.864,8.526539,701.8644
8.57431,625.5809,8.57431,2306.233,8.57431,664.4575
8.622078,654.5457,8.622078,2370.673,8.622078,622.7908
8.669846,669.8832,8.669846,2417.598,8.669846,587.9333
8.717613,658.0886,8.717613,2399.395,8.717613,575.0253
8.765377,593.9888,8.765377,2280.083,8.765377,612.7034
8.813141,532.1829,8.813141,2112.293,8.813141,670.8391
8.860905,501.2658,8.860905,2019.313,8.860905,688.4575
8.908669,491.8636,8.908669,2021.134,8.908669,670.177
8.956429,500.4796,8.956429,2090.086,8.956429,640.869
9.004189,487.8411,9.004189,2163.697,9.004189,591.6115
9.051949,447.7975,9.051949,2241.03,9.051949,596.2161
9.099705,418.9283,9.099705,2265.608,9.099705,599.8483
9.147461,446.4261,9.147461,2267.409,9.147461,607.1632
9.195217,485.7173,9.195217,2239.177,9.195217,577.1701
9.24297,478.4051,9.24297,2213.943,9.24297,559.5908
9.290722,429.0478,9.290722,2197.556,9.290722,552.4781
9.338474,377.5555,9.338474,2186.337,9.338474,531.7931
9.386223,358.6034,9.386223,2168.645,9.386223,496.469
9.433971,366.6709,9.433971,2135.679,9.433971,464.2345
9.48172,398.0816,9.48172,2094.461,9.48172,464.9816
9.529469,435.8931,9.529469,2053.409,9.529469,488.8851
9.577213,447.8087,9.577213,2036.525,9.577213,518.2805
9.624958,443.1561,9.624958,2038.158,9.624958,536.8023
9.672703,436.5387,9.672703,2040.139,9.672703,543.2919
9.720444,437.948,9.720444,1989.881,9.720444,521.4943
9.768185,450.5246,9.768185,1912.762,9.768185,487.2851
9.815926,450.8439,9.815926,1845.948,9.815926,493.1954
9.863667,447.4782,9.863667,1837.652,9.863667,507.2782
9.911404,437.3291,9.911404,1842.518,9.911404,511.3701
9.959141,411.8298,9.959141,1868.095,9.959141,483.7678
10.00688,405.5007,10.00688,1914.458,10.00688,449
10.05461,381.5316,10.05461,1938.679,10.05461,453.2207
10.10234,357.3657,10.10234,1926.379,10.10234,480.8023
10.15008,324.2152,10.15008,1891.467,10.15008,515.1908
10.19781,306.353,10.19781,1844.571,10.19781,541.0368
10.24554,330.1069,10.24554,1790.581,10.24554,562.6943
10.29327,374,10.29327,1761.317,10.29327,548.3035
10.341,400.5935,10.341,1757.915,10.341,514.0322
10.38873,426.3291,10.38873,1784.802,10.38873,449.8046
10.43645,436.4318,10.43645,1794.297,10.43645,439.2414
10.48418,469.1224,10.48418,1790.403,10.48418,428.2713
10.5319,489.2278,10.5319,1741.402,10.5319,424.6713
10.57962,483.0872,10.57962,1715.932,10.57962,442.9402
10.62735,429.7061,10.62735,1675.454,10.62735,460.6115
10.67507,378.0239,10.67507,1644.506,10.67507,487.2023
10.72279,326.9198,10.72279,1658.696,10.72279,494.9287
10.7705,297.7328,10.7705,1732.293,10.7705,494.9218
10.81822,263.2166,10.81822,1812.423,10.81822,495.515
10.86594,252.2982,10.86594,1844.092,10.86594,483.9264
10.91365,269.865,10.91365,1787.965,10.91365,466.2414
10.96137,309.962,10.96137,1676.352,10.96137,411.0988
11.00908,348.9325,11.00908,1570.397,11.00908,376.4966
11.0568,365.9662,11.0568,1547.919,11.0568,344.3172
11.10451,387.3966,11.10451,1547.689,11.10451,322.8644
11.15222,436.6076,11.15222,1534.045,11.15222,310.9333
11.19993,470.1069,11.19993,1513.355,11.19993,311.2092
11.24764,468.9339,11.24764,1485.491,11.24764,333.4828
11.29535,449.5218,11.29535,1450.443,11.29535,369.5816
11.34305,427.4416,11.34305,1445.984,11.34305,419.846
11.39076,433.6638,11.39076,1549.273,11.39076,483.6276
11.43847,459.0422,11.43847,1665.755,11.43847,543.0851
11.48617,462.8453,11.48617,1738.556,11.48617,561.3701
11.53387,427.5274,11.53387,1678.521,11.53387,543.9172
11.58157,402.9705,11.58157,1566.334,11.58157,497.1218
11.62927,382.8889,11.62927,1461.433,11.62927,465.354
11.67697,390.7089,11.67697,1389.146,11.67697,434.2943
11.72467,393.7722,11.72467,1330.827,11.72467,407.0667
11.77237,401.0534,11.77237,1279.918,11.77237,379.4414
11.82006,401.3741,11.82006,1263.506,11.82006,368.7632
11.86776,377.7693,11.86776,1264.924,11.86776,349.3747
11.91545,385.6512,11.91545,1260.256,11.91545,353.9287
11.96315,401.0253,11.96315,1268.11,11.96315,370.3425
12.01085,403.4754,12.01085,1305.776,12.01085,372.4276
12.05854,421.2222,12.05854,1335.666,12.05854,371.7242
12.10623,442.7173,12.10623,1341.115,12.10623,371.2483
12.15392,462.4177,12.15392,1307.433,12.15392,362.4828
12.20161,470.7764,12.20161,1273.87,12.20161,348.7035
12.2493,483.6765,12.2493,1279.15,12.2493,324.6575
12.29699,471.6456,12.29699,1307.068,12.29699,300.9448
12.34467,425.8664,12.34467,1293.117,12.34467,278.2069
12.39236,385.4079,12.39236,1245.898,12.39236,258.2621
12.44004,347.0085,12.44004,1230.318,12.44004,286.7954
12.48773,331.7581,12.48773,1247.436,12.48773,309.9862
12.53541,344.9044,12.53541,1295.378,12.53541,333.4299
12.5831,339.1828,12.5831,1301.511,12.5831,354.1678
12.63078,326.6343,12.63078,1226.139,12.63078,342.9885
12.67846,337.7708,12.67846,1123.504,12.67846,349.046
12.72614,336.955,12.72614,1097.752,12.72614,353.1011
12.77382,338.3193,12.77382,1111.126,12.77382,363.5609
12.8215,343.9648,12.8215,1119.127,12.8215,356.5034
12.86917,380.0562,12.86917,1118.407,12.86917,343.7747
12.91685,424.2588,12.91685,1094.772,12.91685,321.1563
12.96452,458.8959,12.96452,1157.61,12.96452,328.0138
13.0122,472.4247,13.0122,1221.528,13.0122,344.9678
13.05987,477.0155,13.05987,1230.945,13.05987,345.5678
13.10754,490.2757,13.10754,1171.774,13.10754,324.0115
13.15522,517.3938,13.15522,1143.407,13.15522,325.3655
13.20289,501.0323,13.20289,1107.158,13.20289,331.1931
13.25056,481.443,13.25056,1093.385,13.25056,330.485
13.29823,452.2377,13.29823,1094.809,13.29823,346
13.3459,426.8481,13.3459,1159.102,13.3459,377.6873
13.39357,418.0844,13.39357,1199.446,13.39357,370.8713
13.44123,419.8017,13.44123,1221.485,13.44123,382.5172
13.4889,408.7314,13.4889,1191.454,13.4889,375.6023
13.53657,366.2278,13.53657,1121.605,13.53657,381.2414
13.58423,300.4852,13.58423,1040.477,13.58423,352.5517
13.6319,252.1055,13.6319,1027.262,13.6319,329.1035
13.67956,236.5823,13.67956,1114.382,13.67956,298.754
13.72722,239.1885,13.72722,1148.781,13.72722,292.4207
13.77488,273.7257,13.77488,1097.666,13.77488,295.0138
13.82254,305.7299,13.82254,1003.861,13.82254,298.7839
13.8702,309.8959,13.8702,942.5587,13.8702,313.8253
13.91787,324.0436,13.91787,908.2815,13.91787,319.0184
13.96552,335.1744,13.96552,920.3196,13.96552,292.9241
14.01318,341.5232,14.01318,915.1867,14.01318,293.0023
14.06084,325.9297,14.06084,936.628,14.06084,287.7954
14.10849,311.8129,14.10849,981.9915,14.10849,309.7195
14.15615,313.7862,14.15615,1053.89,14.15615,307.0345
14.20381,292.7075,14.20381,1080.644,14.20381,296.2713
14.25146,268.5584,14.25146,1079.914,14.25146,288.6529
14.29911,257.9072,14.29911,1024.347,14.29911,290.1494
14.34677,270.7834,14.34677,981.3267,14.34677,302.0161
14.39442,271.4838,14.39442,966.331,14.39442,291.0598
14.44207,309.0028,14.44207,1017.441,14.44207,273.8276
14.48972,333.6202,14.48972,1087.371,14.48972,252.3885
14.53737,365.443,14.53737,1076.158,14.53737,229.6023
14.58502,349.7299,14.58502,994.8458,14.58502,232.9356
14.63267,338.82,14.63267,905.6153,14.63267,254.892
14.68032,322.1139,14.68032,895.5629,14.68032,285.8805
14.72797,319.1449,14.72797,926.6039,14.72797,322.2115
14.77561,331.3446,14.77561,972.2037,14.77561,359.669
14.82326,358.7215,14.82326,958.6874,14.82326,372.8759
14.8709,372.8172,14.8709,935.1075,14.8709,353.0322
14.91855,371.166,14.91855,908.3027,14.91855,320.1471
14.96619,347.1603,14.96619,906.4554,14.96619,288.9127
15.01384,304.9761,15.01384,909.5643,15.01384,287.1218
15.06148,288.173,15.06148,935.8925,15.06148,300.2736
15.10912,271.0085,15.10912,933.4243,15.10912,300.3839
15.15676,289.0605,15.15676,849.8303,15.15676,308.6575
15.2044,324.6582,15.2044,737.8854,15.2044,306.5885
15.25204,332.2025,15.25204,712.2348,15.25204,312.5356
15.29968,336.076,15.29968,746.9547,15.29968,313.5081
15.34732,328.1772,15.34732,813.2094,15.34732,271.8115
15.39496,328.3193,15.39496,831.3296,15.39496,244.2529
15.4426,332.6765,15.4426,824.2971,15.4426,246.7057
15.49023,341.6962,15.49023,781.0128,15.49023,268.7195
15.53787,334.6737,15.53787,775.884,15.53787,256.3034
15.58551,304.3418,15.58551,807.9731,15.58551,227.9954
15.63314,296.2715,15.63314,870.9123,15.63314,213.8713
15.68077,298.7961,15.68077,899.1556,15.68077,187.6391
15.72841,288.5654,15.72841,873.9858,15.72841,203.5287
15.77604,274.9466,15.77604,846.3253,15.77604,182.5149
15.82368,268.7567,15.82368,843.3932,15.82368,213.977
15.87131,265.3769,15.87131,861.0438,15.87131,235.1104
15.91894,269.6484,15.91894,829.5941,15.91894,261.023
15.96657,270.5851,15.96657,785.4286,15.96657,267.7724
16.0142,266.9268,16.0142,751.652,16.0142,262.7104
16.06183,259.0788,16.06183,706.6436,16.06183,240.9356
16.10946,266.7342,16.10946,647.2574,16.10946,204.1977
16.15709,278.4135,16.15709,650.215,16.15709,192.9609
16.20472,300.3362,16.20472,667.727,16.20472,196.0138
16.25234,310.0605,16.25234,742.7553,16.25234,212.3701
16.29997,283.6807,16.29997,779.2348,16.29997,212.7402
16.3476,237.2869,16.3476,769.7256,16.3476,226.3931
16.39522,200.73,16.39522,726.2815,16.39522,247.4782
16.44285,201.8636,16.44285,725.877,16.44285,248.0115
16.49047,207.4135,16.49047,813.6619,16.49047,232.3402
16.5381,191.7356,16.5381,863.9618,16.5381,222.7034
16.58572,180.2602,16.58572,847.0311,16.58572,233.5402
16.63334,192.4866,16.63334,787.7369,16.63334,240.308
16.68097,224.9114,16.68097,726.7285,16.68097,239.5264
16.72859,243.0169,16.72859,682.4102,16.72859,230.2069
16.77621,242.654,16.77621,657.8486,16.77621,240.8621
16.82383,231.4838,16.82383,665.5912,16.82383,239.7149
16.87145,218.9733,16.87145,683.8586,16.87145,212.2069
16.91907,197.4332,16.91907,704.9675,16.91907,179.5333
16.96669,181.5288,16.96669,720.2051,16.96669,159.8943
17.01431,159.5781,17.01431,747.6011,17.01431,167.9586
17.06193,164.9522,17.06193,800.8911,17.06193,177.6943
17.10955,195.4782,17.10955,858.099,17.10955,175.3149
17.15717,226.3446,17.15717,880.942,17.15717,189.2644
17.20478,258.7708,17.20478,874.8501,17.20478,174.1885
17.2524,283.1913,17.2524,904.7086,17.2524,159.2483
17.30001,331.4754,17.30001,883.1796,17.30001,158.1333
17.34763,337.609,17.34763,817.0933,17.34763,167.4046
17.39524,328.3277,17.39524,784.8868,17.39524,208.892
17.44286,304.1252,17.44286,792.3239,17.44286,231.6575
17.49047,277.5837,17.49047,837.9547,17.49047,231.1839
17.53809,248.0436,17.53809,867.3098,17.53809,218.6115
17.5857,232.8453,17.5857,873.6039,17.5857,195.9839
17.63332,214.9311,17.63332,840.0396,17.63332,176.754
17.68093,195.1899,17.68093,787.8911,17.68093,164.3517
17.72854,207.4374,17.72854,731.1344,17.72854,157.6
17.77615,222.7848,17.77615,664.652,17.77615,198.2529
17.82376,252.0928,17.82376,623.901,17.82376,262.1379
17.87137,264.3249,17.87137,663.5544,17.87137,287.0046
17.91898,248.4543,17.91898,717.6832,17.91898,275.4414
17.96659,235.0816,17.96659,727.7751,17.96659,244.1333
18.01421,209.9648,18.01421,714.2857,18.01421,208.6874
18.06181,182.9888,18.06181,696.2914,18.06181,199.7103
18.10942,177.8847,18.10942,701.4696,18.10942,207.4345
18.15703,189.7736,18.15703,741.7411,18.15703,224.7747
18.20464,223.5865,18.20464,772.3564,18.20464,203.9931
18.25224,233.7187,18.25224,783.4781,18.25224,164.6184
18.29985,234.9536,18.29985,803.8444,18.29985,144.3954
18.34746,217.2996,18.34746,786.8868,18.34746,157.6506
18.39507,225.4515,18.39507,778.2009,18.39507,185.4276
18.44267,229.1477,18.44267,760.3691,18.44267,212.6276
18.49028,233.4051,18.49028,764.6039,18.49028,199.8805
18.53788,234.8622,18.53788,763.1909,18.53788,202.0575
18.58549,248.1913,18.58549,733.8401,18.58549,216.2483
18.63309,267.6273,18.63309,695.2023,18.63309,216.6046
18.68069,297.6568,18.68069,638.3748,18.68069,209.2299
18.7283,303.6315,18.7283,552.4201,18.7283,191.0667
18.7759,281.4979,18.7759,518.3225,18.7759,189.5034
18.82351,249.6948,18.82351,527.3338,18.82351,192.2299
18.87111,232.2911,18.87111,545.5148,18.87111,186.423
18.91871,214.5148,18.91871,593.0396,18.91871,195.8092
18.96632,219.0872,18.96632,638.1358,18.96632,191.9724
19.01392,213.4627,19.01392,690.4611,19.01392,169.7172
19.06152,196.5682,19.06152,697.4724,19.06152,155.9241
19.10912,204.0577,19.10912,677.3338,19.10912,152.5954
19.15672,212.007,19.15672,688.587,19.15672,163.5103
19.20432,242.9212,19.20432,732.4442,19.20432,179.3563
19.25192,252.7764,19.25192,768.8882,19.25192,165.0598
19.29952,220.1702,19.29952,746.3281,19.29952,156.4276
19.34712,187.91,19.34712,689.3083,19.34712,155.5724
19.39472,212.5809,19.39472,633.9519,19.39472,173.2529
19.44232,241.9859,19.44232,597.4696,19.44232,187.2851
19.48992,250.1041,19.48992,599.1924,19.48992,219.8828
19.53752,237.3783,19.53752,598.4696,19.53752,234.9081
19.58512,204.1392,19.58512,581.4003,19.58512,233.5241
19.63272,186.4557,19.63272,589.1655,19.63272,226.4115
19.68031,182.6034,19.68031,621.2234,19.68031,214.4897
19.72791,182.7384,19.72791,674.4385,19.72791,178.5356
19.77551,179.9156,19.77551,675.1641,19.77551,143.9724
19.8231,193.6554,19.8231,622.9505,19.8231,131.2874
19.8707,194.7468,19.8707,591.2376,19.8707,115.3264
19.91829,199.8312,19.91829,533.9858,19.91829,116.5425
19.96589,232.8228,19.96589,527.9109,19.96589,114.1448
20.01348,259.6512,20.01348,526.5148,20.01348,137.6345
20.06108,264.2616,20.06108,548.5092,20.06108,151.5494
20.10868,254.7623,20.10868,538.959,20.10868,163.1977
20.15627,247.8242,20.15627,522.1782,20.15627,155.1149
20.20387,251.5077,20.20387,536.9222,20.20387,141.8437
20.25146,243.2658,20.25146,553.0933,20.25146,141.6828
20.29906,231.9016,20.29906,545.8289,20.29906,153.7218
20.34666,241.5837,20.34666,531.2461,20.34666,168.6138
20.39425,295.7004,20.39425,507.2617,20.39425,151.0897
20.44185,331.0309,20.44185,495.652,20.44185,112.1425
20.48944,354.7187,20.48944,512.5007,20.48944,111.0437
20.53703,344.8172,20.53703,544.3578,20.53703,110.3655
20.58463,338.2391,20.58463,569.2701,20.58463,130.7081
20.63222,295.218,20.63222,587.9477,20.63222,139.3701
20.67981,287.6793,20.67981,588.5347,20.67981,138.9632
20.7274,278.6751,20.7274,585.7468,20.7274,145.6667
20.77499,290.18,20.77499,612.4894,20.77499,161.531
20.82259,290.0253,20.82259,627.9986,20.82259,177.7517
20.87018,249.9283,20.87018,632.0891,20.87018,186.8299
20.91777,216.9803,20.91777,585.0198,20.91777,176.4529
20.96536,198.0127,20.96536,505.6591,20.96536,158.8828
21.01295,169.3601,21.01295,459.4936,21.01295,169.8299
21.06055,164.1238,21.06055,449.5375,21.06055,164.6851
21.10814,178.7468,21.10814,458.7482,21.10814,174.8345
21.15573,208.8495,21.15573,447.1669,21.15573,191.2943
21.20332,201.3741,21.20332,472.5488,21.20332,213.9931
21.25092,171.8847,21.25092,489.7482,21.25092,217.8322
21.29851,150.9016,21.29851,526.3027,21.29851,209.2138
21.3461,154.384,21.3461,539.3677,21.3461,192.9632
21.39369,170.0225,21.39369,527.5078,21.39369,177.5195
21.44128,213.6962,21.44128,523.1188,21.44128,178.354
21.48888,238.0872,21.48888,519.0637,21.48888,180.7586
21.53647,229.5288,21.53647,512.1471,21.53647,184.423
21.58406,212.5542,21.58406,484.024,21.58406,154.1517
21.63165,197.9747,21.63165,470.2206,21.63165,134.5402
21.67924,199.5274,21.67924,468.0453,21.67924,125.4161
21.72684,213.1013,21.72684,466.3763,21.72684,132.0023
21.77443,209.1238,21.77443,475.3013,21.77443,154.1954
21.82202,203.8622,21.82202,492.9236,21.82202,163.2184
21.86961,214.0436,21.86961,502.8105,21.86961,133.754
21.9172,202.6371,21.9172,504.7779,21.9172,108.6529
21.96479,185.4599,21.96479,470.5742,21.96479,121.4897
22.01237,166.4515,22.01237,457.9505,22.01237,147.0966
22.05996,148.8143,22.05996,446.6747,22.05996,164.8138
22.10755,129.1913,22.10755,454.7581,22.10755,142.7356
22.15514,141.5851,22.15514,479.9378,22.15514,129.3747
22.20273,160.9423,22.20273,497.1146,22.20273,130.9218
22.25032,200.782,22.25032,511.7072,22.25032,134.3563
22.2979,209.9916,22.2979,519.925,22.2979,128.3103
22.34549,204.609,22.34549,489.6422,22.34549,129.4069
22.39308,198.9241,22.39308,450.6775,22.39308,134.8759
22.44067,189.5781,22.44067,445.3833,22.44067,133.8046
22.48826,180.5302,22.48826,461.2306,22.48826,131.3011
22.53585,169.9058,22.53585,452.6818,22.53585,123.3471
22.58344,168.8804,22.58344,454.8656,22.58344,142.9333
22.63102,164.4487,22.63102,479.9802,22.63102,157.5724
22.67861,177.7525,22.67861,493.5686,22.67861,142.954
22.7262,178.3854,22.7262,461.7199,22.7262,130.4966
22.77379,189.8579,22.77379,415.5544,22.77379,129.6598
22.82138,195.8678,22.82138,369.1188,22.82138,131.8092
22.86897,203.7581,22.86897,352.0396,22.86897,153.1241
22.91655,207.1392,22.91655,355.2164,22.91655,161.692
22.96414,202.0506,22.96414,371.8373,22.96414,168.1609
23.01173,196.7468,23.01173,407.7666,23.01173,165.5517
23.05932,193.3572,23.05932,445.826,23.05932,136.3494
23.10691,187.4599,23.10691,451.7638,23.10691,137.0506
23.1545,196.2335,23.1545,431.3253,23.1545,130.2092
23.20208,199.9958,23.20208,399.9859,23.20208,136.4092
23.24967,209.3038,23.24967,403.4102,23.24967,158.0161
23.29726,212.6751,23.29726,404.2801,23.29726,144.3264
23.34485,208.9212,23.34485,411.471,23.34485,128.0529
23.39244,209.6793,23.39244,403.1613,23.39244,113.5563
23.44003,183.0872,23.44003,390.8699,23.44003,102.5701
23.48761,186.4951,23.48761,405.5757,23.48761,96.89195
23.5352,213.564,23.5352,424.1556,23.5352,115.0552
23.58279,246.5471,23.58279,459.8105,23.58279,140.9724
23.63039,241.602,23.63039,448.1471,23.63039,155.4161
23.67798,191.8087,23.67798,455.785,23.67798,154.0713
23.72557,203.1406,23.72557,466.8883,23.72557,139.1793
23.77316,227.5879,23.77316,433.7369,23.77316,138.1172
23.82076,264.7075,23.82076,397.9703,23.82076,146.9655
23.86835,270.9128,23.86835,388.5262,23.86835,162.7241
23.91594,265.8945,23.91594,397.9547,23.91594,179.1586
23.96353,232.7708,23.96353,413.2631,23.96353,194.8851
24.01112,183.1772,24.01112,413.8529,24.01112,181.2276
24.05872,131.0745,24.05872,401.2815,24.05872,167.823
24.10631,119.0084,24.10631,379.9731,24.10631,168.9195
24.1539,129.128,24.1539,375.9533,24.1539,159.2598
24.20149,161.7159,24.20149,370.8091,24.20149,157.4345
24.24908,174.7342,24.24908,376.3027,24.24908,160.3471
24.29668,191.9536,24.29668,381.3805,24.29668,189.0046
24.34427,185.0563,24.34427,377.5304,24.34427,201.3218
24.39186,166.3868,24.39186,348.5799,24.39186,196.0437
24.43945,145.699,24.43945,336.6422,24.43945,160.6414
24.48705,138.0056,24.48705,355.338,24.48705,134.9356
24.53464,149.1364,24.53464,401.8472,24.53464,106.8046
24.58223,152.2996,24.58223,448.6747,24.58223,106.3954
24.62982,140.0408,24.62982,509.1584,24.62982,112.7287
24.67741,148.879,24.67741,518.5219,24.67741,122.846
24.72501,172.2982,24.72501,541.9858,24.72501,131.1287
24.7726,175.0028,24.7726,528.8034,24.7726,128.2138
24.82019,164.346,24.82019,502.7808,24.82019,130.5011
24.86778,154.948,24.86778,478.4441,24.86778,135.331
24.91537,156.0422,24.91537,481.86,24.91537,123.7701
24.96297,175.173,24.96297,462.8189,24.96297,122.9356
25.01057,205.8467,25.01057,430.4229,25.01057,124.6552
25.05816,222.6104,25.05816,384.9986,25.05816,109.7655
25.10576,215.2447,25.10576,351.0071,25.10576,121.3471
25.15335,186.2574,25.15335,350.5516,25.15335,127.7356
25.20095,166.0056,25.20095,366.9279,25.20095,151.5908
25.24855,160.9831,25.24855,397.5403,25.24855,143.6368
25.29614,191.0127,25.29614,445.2362,25.29614,141.4483
25.34374,213.865,25.34374,446.8189,25.34374,131.623
25.39133,222.4866,25.39133,427.6054,25.39133,137.7218
25.43893,186.0872,25.43893,423.5177,25.43893,135.8253
25.48653,156.7004,25.48653,402.5842,25.48653,123.6874
25.53412,136.3122,25.53412,357.9887,25.53412,114.9333
25.58172,129.8467,25.58172,350.7426,25.58172,89.9931
25.62931,128.1196,25.62931,333.2291,25.62931,88.6046
25.67691,128.7961,25.67691,316.5417,25.67691,88.83218
25.72451,145.5752,25.72451,301.8699,25.72451,97.06667
25.77211,169.2518,25.77211,325.1414,25.77211,95.38161
25.81971,186.0197,25.81971,375.2772,25.81971,92.8023
25.86731,224.052,25.86731,407.6478,25.86731,103.7402
25.91491,246.948,25.91491,450.2419,25.91491,98.94942
25.96251,239.8706,25.96251,461.3267,25.96251,103.7287
26.01011,208.9719,26.01011,484.1259,26.01011,110.6713
26.05771,208.8495,26.05771,454.0056,26.05771,136.3747
26.10531,227.6821,26.10531,433.1711,26.10531,139.7333
26.15291,228.4051,26.15291,396.338,26.15291,143.9379
26.20051,234.7004,26.20051,375.2984,26.20051,129.9724
26.24811,231.4965,26.24811,359.1457,26.24811,123.5494
26.29571,230.4571,26.29571,369.1627,26.29571,106.5057
26.34331,220.2925,26.34331,372.5375,26.34331,96.05977
26.39091,218.3994,26.39091,375.0948,26.39091,105.9471
26.43851,213.699,26.43851,366.1132,26.43851,113.3931
26.48612,206.7004,26.48612,377.9929,26.48612,124.7885
26.53372,206.2208,26.53372,392.2419,26.53372,145.9425
26.58133,193.7117,26.58133,401.7341,26.58133,148.8529
26.62893,178.1294,26.62893,423.14,26.62893,120.1149
26.67653,164.5401,26.67653,437.3296,26.67653,96.75402
26.72414,171.3783,26.72414,415.9307,26.72414,99.06207
26.77174,185.7693,26.77174,398.3536,26.77174,95.66897
26.81934,209.5373,26.81934,394.8359,26.81934,95.92644
26.86695,220.0183,26.86695,405.3451,26.86695,98.30804
26.91455,211.6906,26.91455,450.8586,26.91455,128.6851
26.96216,189.8326,26.96216,461.553,26.96216,135.5885
27.00977,181.4332,27.00977,408.4215,27.00977,118.3218
27.05738,184.0563,27.05738,345.0735,27.05738,89.43678
27.10498,190.4796,27.10498,335.5389,27.10498,69.31035
27.15259,214.1983,27.15259,343.8897,27.15259,61.86666
27.2002,233.9184,27.2002,396.0651,27.2002,74.03908
27.24781,198.3024,27.24781,412.1924,27.24781,93.37471
27.29541,149.5668,27.29541,367.232,27.29541,95.44827
27.34302,121.564,27.34302,323.8444,27.34302,91.56551
27.39063,119.2799,27.39063,305.3635,27.39063,82.74253
27.43824,131.879,27.43824,303.7426,27.43824,72.54713
27.48586,154.4402,27.48586,305.0071,27.48586,82.45058
27.53347,198.1533,27.53347,336.9434,27.53347,92.1977
27.58108,208.0661,27.58108,348.9137,27.58108,125.2161
27.62869,194.3643,27.62869,367.9788,27.62869,125.846
27.6763,182.6456,27.6763,367.8204,27.6763,130.9218
27.72391,179.4388,27.72391,346.9406,27.72391,118.7678
27.77152,206.6217,27.77152,340.4201,27.77152,103.4644
27.81914,254.0239,27.81914,350.703,27.81914,90.55632
27.86675,268.3235,27.86675,346.5544,27.86675,82.48736
27.91437,241.1842,27.91437,322.2037,27.91437,74.78621
27.96198,218.0394,27.96198,290.8331,27.96198,88.46896
28.0096,186.3882,28.0096,268.4526,28.0096,76.9954
28.05721,161.9058,28.05721,246.2475,28.05721,62.88736
28.10483,153.8692,28.10483,242.3197,28.10483,70.89655
28.15244,160.7342,28.15244,260.9689,28.15244,71.54253
28.20006,177.2616,28.20006,296.1075,28.20006,64.78621
28.24768,180.7229,28.24768,311.0891,28.24768,67.14253
28.2953,169.128,28.2953,314.8119,28.2953,80.15402
28.34292,151.3165,28.34292,309.0792,28.34292,96.07586
28.39054,146.3826,28.39054,311.7369,28.39054,110.5218
28.43816,155.4515,28.43816,316.4413,28.43816,108.8
28.48577,177.7454,28.48577,309.826,28.48577,105.3517
28.53339,200.1899,28.53339,301.4625,28.53339,116.7839
28.58102,200.5795,28.58102,284.5714,28.58102,113.6529
28.62864,174.5724,28.62864,263.9236,28.62864,95.3885
28.67626,145.8425,28.67626,239.034,28.67626,79.1931
28.72388,131.7722,28.72388,242.9194,28.72388,72.51724
28.77151,128.8284,28.77151,257.4781,28.77151,86.43218
28.81913,121.308,28.81913,305.9844,28.81913,95.09655
28.86675,117.6329,28.86675,345.5149,28.86675,95.77242
28.91438,117.6301,28.91438,375.0735,28.91438,88.88966
28.96201,114.8172,28.96201,395.3649,28.96201,89.95172
29.00963,125.3713,29.00963,418.8119,29.00963,83.73563
29.05726,134.8565,29.05726,445.0509,29.05726,82.90804
29.10489,132.045,29.10489,437.1103,29.10489,71.91264
29.15251,117.256,29.15251,387.5969,29.15251,63.7977
29.20014,101.9367,29.20014,353.4102,29.20014,70.28735
29.24777,85.37271,29.24777,349.9081,29.24777,60.95402
29.2954,92.01547,29.2954,385.0778,29.2954,63.48506
29.34303,112.0394,29.34303,416.5629,29.34303,62.72414
29.39066,130.8383,29.39066,396.6167,29.39066,74.25517
29.43829,125.052,29.43829,370.7765,29.43829,79.28966
29.48592,112.0942,29.48592,314.6025,29.48592,70.08046
29.53355,94.74121,29.53355,285.2433,29.53355,70.67816
29.58118,92.04079,29.58118,259.7581,29.58118,62.34943
29.62882,101.2349,29.62882,268.1372,29.62882,60.26897
29.67645,117.7933,29.67645,301.6662,29.67645,61.51264
29.72409,132.4979,29.72409,330.3055,29.72409,52.62989
29.77172,132.6526,29.77172,344.8133,29.77172,43.52644
29.81936,151.9775,29.81936,351.7624,29.81936,42.93103
29.86699,152.5668,29.86699,350.976,29.86699,46.87816
29.91463,150.7539,29.91463,357.7341,29.91463,67.04138
29.96227,135.5949,29.96227,353.4512,29.96227,76.26437
30.00991,111.8833,30.00991,348.6945,30.00991,76.0023
30.05754,99.55274,30.05754,345.6973,30.05754,77.05977
30.10518,101.3404,30.10518,360.2051,30.10518,77.03678
30.15282,118.7384,30.15282,370.3677,30.15282,80.22529
30.20047,136.7482,30.20047,364.8755,30.20047,85.06207
30.24811,158.1857,30.24811,350.0693,30.24811,103.9862
30.29575,149.5218,30.29575,343.6379,30.29575,87.56551
30.34339,162.3811,30.34339,334.703,30.34339,82.36781
30.39103,170.2644,30.39103,338.5644,30.39103,91.02069
30.43868,187.1519,30.43868,353.7977,30.43868,108.3035
30.48632,212.27,30.48632,360.5375,30.48632,119.3241
30.53397,202.571,30.53397,350.6209,30.53397,105.7126
30.58162,173.0141,30.58162,317.1513,30.58162,84.66666
30.62926,135.8129,30.62926,304.5771,30.62926,106.5563
30.67691,123.8847,30.67691,303.1216,30.67691,143.1839
30.72456,114.9902,30.72456,295.512,30.72456,180.4506
30.77221,117.9367,30.77221,286.7341,30.77221,174.8965
30.81986,125.6357,30.81986,268.6718,30.81986,152.8805
30.86751,151.5598,30.86751,257.5262,30.86751,141.9034
30.91516,166.5527,30.91516,250.8967,30.91516,126.8414
30.96281,174.5429,30.96281,253.4908,30.96281,126.6023
31.01046,167.7032,31.01046,245.8996,31.01046,129.7195
31.05812,149.0774,31.05812,254.7284,31.05812,122.8345
31.10577,151.5443,31.10577,270.2801,31.10577,102.9494
31.15342,172.9592,31.15342,285.1315,31.15342,88.45517
31.20108,196.5682,31.20108,308.2899,31.20108,103.0897
31.24874,188.6329,31.24874,299.3112,31.24874,91.42529
31.29639,172.9142,31.29639,295.7284,31.29639,99.46437
31.34405,152.481,31.34405,288.1386,31.34405,88.02528
31.39171,134.4065,31.39171,288.9024,31.39171,77.10115
31.43937,131.3136,31.43937,296.0552,31.43937,93.8092
31.48703,145.5176,31.48703,313.4286,31.48703,90.8023
31.53469,155.6709,31.53469,314.2093,31.53469,100.6345
31.58235,144.8819,31.58235,304.396,31.58235,93.37931
31.63001,139.0127,31.63001,296.7468,31.63001,82.81839
31.67768,148.3474,31.67768,280.8982,31.67768,60.70345
31.72534,154.9016,31.72534,277.6747,31.72534,47.10345
31.77301,168.0084,31.77301,263.6379,31.77301,37.86897
31.82067,154.6174,31.82067,264.8373,31.82067,31.21379
31.86834,137.2518,31.86834,276.6747,31.86834,44.69885
31.916,119.3488,31.916,288.9519,31.916,52.13103
31.96367,107.7848,31.96367,290.7638,31.96367,73.07816
32.01134,125.3544,32.01134,280.2687,32.01134,83.16322
32.05901,134.5865,32.05901,320.9703,32.05901,82.70115
32.10668,144.775,32.10668,328.662,32.10668,61.23219
32.15435,161.4191,32.15435,318.7638,32.15435,53.93563
32.20202,169.5921,32.20202,275.8713,32.20202,45.93793
32.24969,181.6231,32.24969,220.0382,32.24969,42.88736
32.29737,174.7159,32.29737,184.4583,32.29737,38.78621
32.34504,204.7708,32.34504,186.2716,32.34504,45.12414
32.39272,211.0549,32.39272,209.1994,32.39272,49.52414
32.4404,199.5077,32.4404,217.604,32.4404,48.65977
32.48807,172.7229,32.48807,245.1697,32.48807,54.17931
32.53575,155.7356,32.53575,266.512,32.53575,49.94483
32.58343,132.1139,32.58343,269.7228,32.58343,48.71954
32.63111,117.3882,32.63111,265.1103,32.63111,71.43678
32.67879,100.1631,32.67879,280.1018,32.67879,73.3885
32.72647,108.8594,32.72647,295.3395,32.72647,70.49426
32.77415,113.3249,32.77415,312.7426,32.77415,68.24598
32.82183,125.3516,32.82183,332.7299,32.82183,61.70345
32.86952,127.0774,32.86952,316.5233,32.86952,69.74943
32.9172,149.1758,32.9172,300.3338,32.9172,66.67126
32.96489,167.3896,32.96489,275.7199,32.96489,69.51724
33.01257,163.7848,33.01257,285.8416,33.01257,61.55862
33.06026,149.0759,33.06026,299.5912,33.06026,55.06437
33.10795,141.6723,33.10795,309.5955,33.10795,50.34023
33.15564,146.5035,33.15564,324.7779,33.15564,57.21839
33.20333,173.0084,33.20333,338.3324,33.20333,60.33104
33.25102,183.0422,33.25102,341.4498,33.25102,63.2069
33.29871,172.8101,33.29871,298.1924,33.29871,56.37241
33.3464,158.4177,33.3464,277.1811,33.3464,65.28046
33.3941,144.2546,33.3941,276.2122,33.3941,75.44138
33.44179,150.3741,33.44179,301.8091,33.44179,97.83448
33.48949,156.0703,33.48949,303.6832,33.48949,110.469
33.53718,151.4023,33.53718,275.4102,33.53718,92.52184
33.58488,131.4318,33.58488,244.7171,33.58488,84.37012
33.63258,96.16596,33.63258,211.2461,33.63258,87.33334
33.68028,72.11674,33.68028,216.7016,33.68028,74.76552
33.72798,70.18143,33.72798,207.6591,33.72798,68.55173
33.77568,86.47117,33.77568,192.5516,33.77568,69.93793
33.82338,92.95499,33.82338,198.7383,33.82338,72.10345
33.87109,87.99297,33.87109,187.9265,33.87109,60.86207
33.91879,68.12658,33.91879,211.454,33.91879,64.81609
33.9665,64.28692,33.9665,218.9236,33.9665,62.49655
34.0142,63.74824,34.0142,219.5163,34.0142,72.35403
34.06191,82.31927,34.06191,237.5092,34.06191,74.03448
34.10962,91.51758,34.10962,264.1938,34.10962,67.61379
34.15733,98.55274,34.15733,295.7101,34.15733,60.1954
34.20504,119.8973,34.20504,281.8373,34.20504,40.89655
34.25275,145.8973,34.25275,269.3819,34.25275,47.68966
34.30046,153.6624,34.30046,279.7666,34.30046,42.70575
34.34817,148.0506,34.34817,305.7199,34.34817,62.17012
34.39589,125.1027,34.39589,309.628,34.39589,57.59311
34.4436,92.12658,34.4436,313.0283,34.4436,64.84827
34.49131,88.37553,34.49131,297.9604,34.49131,56.46437
34.53903,81.11111,34.53903,285.8175,34.53903,56.46437
34.58675,77.6737,34.58675,273.7864,34.58675,54.84827
34.63447,82.25597,34.63447,269.1938,34.63447,53.6046
34.68219,80.48383,34.68219,264.2404,34.68219,49.28965
34.72991,93.36005,34.72991,276.1669,34.72991,66.83218
34.77763,110.8284,34.77763,294.3805,34.77763,96.02988
34.82536,119.9634,34.82536,286.447,34.82536,116.4506
34.87308,131.789,34.87308,269.2504,34.87308,108.4575
34.92081,136.4768,34.92081,245.0113,34.92081,77.17931
34.96853,134.2982,34.96853,225.5827,34.96853,54.74483
35.01626,127.3657,35.01626,242.8953,35.01626,49.41379
35.06399,126.962,35.06399,261.0467,35.06399,51.29425
35.11172,124.083,35.11172,281.0948,35.11172,55.48965
35.15945,119.128,35.15945,297.8656,35.15945,64.64368
35.20718,128.4191,35.20718,294.2263,35.20718,80.54942
35.25491,144.5021,35.25491,278.3013,35.25491,105.3816
35.30265,159.9044,35.30265,254.4102,35.30265,116.4805
35.35038,172.6315,35.35038,226.6549,35.35038,108.9126
35.39812,157.8143,35.39812,208.604,35.39812,94.06896
35.44585,129.5176,35.44585,186.6025,35.44585,77.57471
35.49359,110.2419,35.49359,190.3649,35.49359,62.29655
35.54133,112.9339,35.54133,219.5247,35.54133,58.89655
35.58907,117.1617,35.58907,233.901,35.58907,50.62299
35.63681,143.0281,35.63681,220.0693,35.63681,37.09885
35.68456,160.5696,35.68456,197.5771,35.68456,40.54713
35.7323,173.0928,35.7323,214.2843,35.7323,31.34023
35.78004,147.6695,35.78004,220.2603,35.78004,38.57241
35.82779,139.0984,35.82779,228.4512,35.82779,46.03908
35.87554,122.564,35.87554,229.7723,35.87554,55.62759
35.92329,105.5682,35.92329,241.2631,35.92329,54.84598
35.97104,86.79747,35.97104,257.5502,35.97104,46.11494
36.01879,84.74403,36.01879,257.9378,36.01879,42.52874
36.06654,93.96765,36.06654,218.6322,36.06654,35.11724
36.11429,110.4754,36.11429,203.6464,36.11429,37.71494
36.16204,124.775,36.16204,193.6238,36.16204,45.12414
36.2098,127.5781,36.2098,204.1867,36.2098,40.49655
36.25756,135.5781,36.25756,211.604,36.25756,43.67816
36.30531,150.5457,36.30531,228.2772,36.30531,44.17931
36.35307,162.4473,36.35307,228.2108,36.35307,60.03678
36.40083,149.9986,36.40083,232.181,36.40083,74.52873
36.44859,134.4613,36.44859,227.6832,36.44859,91.88966
36.49636,121.2588,36.49636,245.7426,36.49636,81.6023
36.54412,100.9986,36.54412,264.1315,36.54412,63.23908
36.59188,108.9198,36.59188,269.3593,36.59188,55.82529
36.63965,105.4627,36.63965,283.099,36.63965,54.31494
36.68742,120.0323,36.68742,289.3635,36.68742,43.3977
36.73519,112.6709,36.73519,280.6237,36.73519,59.54253
36.78296,99.68636,36.78296,274.0184,36.78296,58.50115
36.83073,96.24754,36.83073,235.1146,36.83073,62.4046
36.8785,105.1688,36.8785,222.8289,36.8785,75.09655
36.92627,116.3629,36.92627,187.2815,36.92627,88.74023
36.97405,140.3404,36.97405,172.9986,36.97405,98.76552
37.02182,147.3966,37.02182,155.4809,37.02182,95.78851
37.0696,152.8734,37.0696,161.4512,37.0696,95.73333
37.11738,152.052,37.11738,159.7313,37.11738,95.14713
37.16516,140.6596,37.16516,188.8501,37.16516,83.22069
37.21294,128.9311,37.21294,217.884,37.21294,68.88736
37.26072,118.8228,37.26072,241.3635,37.26072,58.68046
37.3085,102.2757,37.3085,237.6054,37.3085,65.82758
37.35629,96.46835,37.35629,222.4243,37.35629,78.17701
37.40407,88.0647,37.40407,205.6945,37.40407,84.5862
37.45186,77.0211,37.45186,169.8458,37.45186,81.67816
37.49965,64.86076,37.49965,140.7878,37.49965,80.68965
37.54744,61.78903,37.54744,123.976,37.54744,79.35172
37.59523,58.72152,37.59523,127.7115,37.59523,85.46667
37.64302,79.09423,37.64302,148.6181,37.64302,76.96092
37.69081,101.2138,37.69081,201.9265,37.69081,69.85287
37.73861,126.6681,37.73861,233.3508,37.73861,49.78391
37.7864,120.2714,37.7864,236.1344,37.7864,40.88276
37.8342,107.2222,37.8342,224.8671,37.8342,45.17241
37.882,106.9367,37.882,212.5474,37.882,46.9954
37.9298,139.4866,37.9298,209.3692,37.9298,57.6115
37.9776,171.7215,37.9776,210.4753,37.9776,46.55402
38.0254,170.8411,38.0254,180.1853,38.0254,43.20919
38.07321,142.5373,38.07321,178.396,38.07321,60.68736
38.12101,124.1069,38.12101,164.8755,38.12101,71.61379
38.16882,122.135,38.16882,177.8854,38.16882,87.43449
38.21663,117.9592,38.21663,205.1429,38.21663,95.13793
38.26444,95.70745,38.26444,247.6987,38.26444,81.92873
38.31225,73.28551,38.31225,248.7935,38.31225,74.78851
38.36006,54.24472,38.36006,230.0325,38.36006,80.83218
38.40788,61.90858,38.40788,226.2178,38.40788,70.9977
38.45569,80.98594,38.45569,222.5233,38.45569,70
38.50351,101.7398,38.50351,250.553,38.50351,62.93103
38.55132,122.9817,38.55132,257.0863,38.55132,52.04827
38.59914,126.9817,38.59914,244.8557,38.59914,48.33793
38.64696,135.0774,38.64696,209.1103,38.64696,42.07586
38.69478,135.4205,38.69478,176.7369,38.69478,38.05977
38.74261,137.4923,38.74261,152.7242,38.74261,48.1954
38.79043,142.6104,38.79043,166.4922,38.79043,46.38621
38.83826,136.1308,38.83826,192.9802,38.83826,62.93103
38.88608,120.0141,38.88608,225.447,38.88608,64.13103
38.93391,102.0858,38.93391,263.3366,38.93391,76.91724
38.98174,97.19972,38.98174,289.4753,38.98174,90.49885
39.02957,102.1238,39.02957,302.0382,39.02957,91.81839
39.0774,108.6835,39.0774,297.4851,39.0774,84.55862
39.12524,112.5963,39.12524,280.0919,39.12524,87.62988
39.17308,104.5373,39.17308,278.4526,39.17308,80.76552
39.22091,100.8158,39.22091,266.6818,39.22091,73.28735
39.26875,99.65682,39.26875,227.0424,39.26875,58.3977
39.31659,95.18706,39.31659,212.9378,39.31659,68.89885
39.36443,81.63713,39.36443,207.5318,39.36443,71.10345
39.41227,73.49226,39.41227,220.4328,39.41227,74.48965
39.46012,67.37975,39.46012,250.7991,39.46012,71.91035
39.50796,74.78481,39.50796,252.9547,39.50796,84.82529
39.55581,77.54993,39.55581,247.6591,39.55581,77.21379
39.60366,96.94374,39.60366,216.4187,39.60366,58.18851
39.65151,115.1617,39.65151,183.1754,39.65151,52.46896
39.69936,145.0984,39.69936,166.0255,39.69936,55.42299
39.74721,149.1181,39.74721,159.198,39.74721,53.54253
39.79506,152.7046,39.79506,163.1952,39.79506,54.69425
39.84292,143.8959,39.84292,169.8628,39.84292,55.82299
39.89078,131.3924,39.89078,160.314,39.89078,65.69655
39.93864,124.4233,39.93864,171.2376,39.93864,64.46896
39.9865,127.4684,39.9865,189.3578,39.9865,71.04597
40.03436,155.2968,40.03436,201.3352,40.03436,51.15862
40.08223,166.9311,40.08223,215.645,40.08223,47.03908
40.13009,174.8172,40.13009,223.2433,40.13009,28.34713
40.17796,179.5527,40.17796,236.181,40.17796,35.29425
40.22583,173.0745,40.22583,242.0085,40.22583,29.31494
40.27369,178.2771,40.27369,248.5474,40.27369,39.57931
40.32157,173.9255,40.32157,266.1669,40.32157,37.10345
40.36944,161.4276,40.36944,274.3112,40.36944,52.11724
40.41732,135.3305,40.41732,272.0354,40.41732,48.28736
40.46519,108.8439,40.46519,273.4003,40.46519,47.85057
40.51307,96.69339,40.51307,259.9081,40.51307,42.31264
40.56095,114.5485,40.56095,226.8289,40.56095,38.01839
40.60883,130.1055,40.60883,221.4073,40.60883,37.76092
40.65671,127.737,40.65671,220.6223,40.65671,45.05287
40.70459,115.8748,40.70459,241.488,40.70459,57.16552
40.75248,103.8692,40.75248,264.1315,40.75248,56.28046
40.80037,107.429,40.80037,265.4073,40.80037,56.98621
40.84826,116.256,40.84826,242.43,40.84826,55.97471
40.89614,131.1786,40.89614,221.2207,40.89614,58.40919
40.94403,152.5134,40.94403,221.976,40.94403,53.12644
40.99192,150.1069,40.99192,233.5785,40.99192,56.31954
41.03982,125.8453,41.03982,240.4328,41.03982,55.66896
41.08772,97.79606,41.08772,264.7468,41.08772,80.51724
41.13562,81.1083,41.13562,266.8529,41.13562,105.1678
41.18351,74.84388,41.18351,259.3621,41.18351,117.7241
41.23141,85.12939,41.23141,224.6747,41.23141,109.5103
41.27932,98.58791,41.27932,202.9335,41.27932,78.26897
41.32722,101.5274,41.32722,173.5304,41.32722,59.08966
41.37513,94.94093,41.37513,178.5912,41.37513,51.04598
41.42303,88.81575,41.42303,205.7327,41.42303,49.9954
41.47094,82.20535,41.47094,252.471,41.47094,55.1931
41.51886,79.11533,41.51886,272.6478,41.51886,50.09655
41.56677,73.86639,41.56677,295.6987,41.56677,50.08506
41.61468,81.18706,41.61468,327.0283,41.61468,47.24598
41.66259,93.00282,41.66259,338.8854,41.66259,50.93563
41.71051,101.2813,41.71051,336.512,41.71051,49.90805
41.75843,94.55836,41.75843,301.6125,41.75843,47.65287
41.80635,107.865,41.80635,258.4328,41.80635,42.01609
41.85427,120.076,41.85427,224.6549,41.85427,48.01149
41.90219,116.4951,41.90219,201.9731,41.90219,51.82069
41.95012,99.24051,41.95012,185.6209,41.95012,46.74942
41.99805,83.9353,41.99805,187.529,41.99805,41.98391
42.04598,77.10126,42.04598,198.4385,42.04598,34.37011
42.09391,74.24191,42.09391,234.1556,42.09391,26.57011
42.14184,78.42194,42.14184,240.0212,42.14184,27.37701
42.18978,69.1097,42.18978,220.1627,42.18978,25.92414
42.23771,65.58931,42.23771,195.0255,42.23771,25.41609
42.28565,63.19409,42.28565,173.1825,42.28565,33.10345
42.33358,62.5429,42.33358,168.5672,42.33358,31.28276
42.38153,58.19691,42.38153,158.4385,42.38153,34.72874
42.42947,66.16174,42.42947,166.0552,42.42947,35.62529
42.47741,73.78903,42.47741,187.5516,42.47741,31.74483
42.52536,81.67792,42.52536,229.7242,42.52536,33.46437
42.57331,83.83966,42.57331,256.8091,42.57331,37.49195
42.62126,88.28973,42.62126,292.0976,42.62126,37.17471
42.66921,91.06751,42.66921,284.6365,42.66921,35.58391
42.71716,109.7736,42.71716,271.8246,42.71716,41.37471
42.76511,123.7736,42.76511,254.4455,42.76511,46.77471
42.81307,128.0984,42.81307,225.2108,42.81307,39.92873
42.86103,130.8453,42.86103,203.3748,42.86103,46.43908
42.90899,123.962,42.90899,178.8741,42.90899,48.8
42.95694,118.1716,42.95694,164.0467,42.95694,48.11724
43.00491,113.6835,43.00491,154.3027,43.00491,51.75632
43.05288,93.99718,43.05288,141.8416,43.05288,45.42299
43.10084,98.83404,43.10084,150.2603,43.10084,64.31035
43.14881,103.5021,43.14881,176.6733,43.14881,72.5862
43.19678,113.9592,43.19678,204.8472,43.19678,67.88506
43.24475,120.9705,43.24475,214.1047,43.24475,67.25517
43.29273,147.1364,43.29273,198.0311,43.29273,60.68276
43.3407,164.0394,43.3407,170.3437,43.3407,58.68046
43.38868,165.8762,43.38868,157.5191,43.38868,48.05287
43.43666,145.6667,43.43666,152.4073,43.43666,32.93103
43.48464,130.2996,43.48464,169.7963,43.48464,30.91724
43.53262,119.2222,43.53262,194.1429,43.53262,31.65517
43.5806,115.2025,43.5806,189.5318,43.5806,39.57471
43.62859,111.4332,43.62859,183.7115,43.62859,36.63678
43.67658,91.55134,43.67658,179.3734,43.67658,30.35632
43.72457,82.65401,43.72457,185.1429,43.72457,24.33103
43.77256,71.82278,43.77256,212.6676,43.77256,28.55402
43.82055,56.31505,43.82055,235.5502,43.82055,28.45287
43.86855,51.71167,43.86855,260.9774,43.86855,39.51264
43.91655,48.20253,43.91655,250.8727,43.91655,69.62069
43.96454,44.11814,43.96454,229.8388,43.96454,98.42069
44.01255,46.79465,44.01255,217.174,44.01255,100.4667
44.06055,69.99156,44.06055,216.2348,44.06055,85.56551
44.10855,87.34036,44.10855,211.9745,44.10855,58.69196
44.15656,93.45288,44.15656,199.2744,44.15656,39.3885
44.20457,101.7764,44.20457,184.0835,44.20457,29.70345
44.25258,101.9634,44.25258,179.2263,44.25258,26.70575
44.30059,88.65964,44.30059,196.2093,44.30059,30.12414
44.34861,76.99156,44.34861,223.5304,44.34861,38.74713
44.39662,84.99438,44.39662,237.4116,44.39662,37.78161
44.44464,86.30099,44.44464,249.0509,44.44464,42.71035
44.49266,97.22363,44.49266,220.9604,44.49266,44.81609
44.54068,97.82138,44.54068,194.2829,44.54068,50.73793
44.5887,91.54712,44.5887,171.2687,44.5887,61.8069
44.63672,80.1744,44.63672,142.8727,44.63672,65.33793
44.68475,74.91702,44.68475,141.5799,44.68475,74.55862
44.73278,69.68073,44.73278,141.7228,44.73278,65.8092
44.7808,68.05486,44.7808,142.5799,44.7808,59.20919
44.82884,71.62729,44.82884,159.2221,44.82884,63.72414
44.87687,73.70323,44.87687,174.5743,44.87687,66.84138
44.92491,85.08298,44.92491,180.9873,44.92491,73.98161
44.97294,96.63713,44.97294,216.331,44.97294,73.85977
45.02098,99.32068,45.02098,232.082,45.02098,73.04828
45.06903,94.92405,45.06903,245.0566,45.06903,74.84827
45.11707,84.58649,45.11707,234.6719,45.11707,61.86897
45.16511,76.47398,45.16511,221.7793,45.16511,57.71264
45.21316,64.7384,45.21316,221.0424,45.21316,49.41379
45.26121,75.80872,45.26121,233.0509,45.26121,47.82529
45.30926,87.17862,45.30926,231.8883,45.30926,39.89195
45.35731,108.9072,45.35731,221.7143,45.35731,49.91494
45.40537,125.1955,45.40537,212.4809,45.40537,48.9954
45.45343,135.0253,45.45343,213.1612,45.45343,61.47586
45.50148,116.6582,45.50148,248.4951,45.50148,74.5977
45.54955,100.8439,45.54955,280.7652,45.54955,80.23448
45.59761,80.5443,45.59761,298.8345,45.59761,77.3954
45.64568,63.02391,45.64568,299.3182,45.64568,77.86436
45.69374,71.12377,45.69374,265.6959,45.69374,65.56092
45.74182,84.34177,45.74182,226.9194,45.74182,67.06437
45.78989,106.9128,45.78989,212.6025,45.78989,71.17931
45.83796,130.301,45.83796,198.744,45.83796,70.11494
45.88604,145.1744,45.88604,198.1358,45.88604,57.34483
45.93412,142.7482,45.93412,224.6648,45.93412,55.15632
45.9822,143.5527,45.9822,241.1471,45.9822,54.75402
46.03028,116.7145,46.03028,221.0156,46.03028,44.04138
46.07836,91.23066,46.07836,202.6422,46.07836,41.24828
46.12645,73.3896,46.12645,190.0099,46.12645,43.95862
46.17453,72.33896,46.17453,194.4625,46.17453,47.45057
46.22262,71.3896,46.22262,202.9774,46.22262,55.57931
46.27071,66.38818,46.27071,208.4979,46.27071,70
46.31881,56.31364,46.31881,202.5969,46.31881,65.03908
46.3669,61.04641,46.3669,192.5191,46.3669,48.75402
46.415,65.2602,46.415,174.5262,46.415,44.31494
46.4631,76.55134,46.4631,168.7822,46.4631,30.6069
46.5112,96.05204,46.5112,160.4314,46.5112,25.93563
46.55931,107.4008,46.55931,165.2263,46.55931,36.68966
46.60741,120.8734,46.60741,177.0453,46.60741,41.16782
46.65552,139.6245,46.65552,171.024,46.65552,42.65747
46.70363,150.0647,46.70363,168.3536,46.70363,43.76781
46.75174,139.1941,46.75174,152.9547,46.75174,47.88276
46.79985,117.0788,46.79985,160.0679,46.79985,43.0092
46.84797,104.6301,46.84797,149.4385,46.84797,52.89655
46.89609,119.2236,46.89609,148.338,46.89609,52.24138
46.94421,126.3066,46.94421,146.4653,46.94421,54.69425
46.99234,125.6667,46.99234,156.8543,46.99234,49.07356
47.04046,101.9255,47.04046,169.6365,47.04046,39.83678
47.08859,80.23207,47.08859,166.3027,47.08859,40.17701
47.13671,75.53446,47.13671,151.8444,47.13671,44.34023
47.18485,74.218,47.18485,149.2475,47.18485,49.6069
47.23298,81.12939,47.23298,155.1372,47.23298,47.7977
47.28112,99.4993,47.28112,173.8091,47.28112,41.54713
47.32925,121.5837,47.32925,182.0537,47.32925,40.66667
47.37739,127.4965,47.37739,193.1796,47.37739,29.62069
47.42553,135.09,47.42553,192.0099,47.42553,32.08046
47.47367,154,47.47367,190.4059,47.47367,24.68736
47.52182,176.3263,47.52182,179.9519,47.52182,31.08506
47.56997,187.0928,47.56997,177.0608,47.56997,41.23678
47.61812,170.4599,47.61812,178.8147,47.61812,38.54713
47.66627,139.5556,47.66627,159.9816,47.66627,52.57701
47.71443,117.8158,47.71443,145.9137,47.71443,37.83678
47.76258,103.8509,47.76258,135.2574,47.76258,39.0046
47.81074,120.73,47.81074,137.1726,47.81074,38.90345
47.85891,145.0295,47.85891,156.041,47.85891,42.77011
47.90707,152.7271,47.90707,189.355,47.90707,39.96092
47.95523,140.3544,47.95523,213.5516,47.95523,53.11954
48.0034,112.6526,48.0034,217.2037,48.0034,48.1908
48.05157,92.74683,48.05157,189.0198,48.05157,33.46437
48.09974,91.54993,48.09974,170.3989,48.09974,26.98161
48.14791,89.23066,48.14791,169.082,48.14791,29.02988
48.19609,93.79044,48.19609,192.5191,48.19609,36.14483
48.24427,95.07877,48.24427,196.7143,48.24427,38.25287
48.29245,87.00844,48.29245,204.2532,48.29245,33.17701
48.34063,82.69621,48.34063,214.8854,48.34063,31.65747
48.38882,76.26301,48.38882,227.5049,48.38882,37.34483
48.43701,59.65541,48.43701,215.338,48.43701,50.26437
48.4852,62.87623,48.4852,210.355,48.4852,51.48276
